DateKey,ChannelID,Category,BudgetRevenue,BudgetMRR
20220101,1,Beauty,39562.33,6127.98
20220101,1,Electronics,94260.7,13925.61
20220101,1,Home,48686.72,7004.19
20220101,1,Sports,38859.83,6188.59
20220101,1,Toys,28518.35,4518.13
20220101,2,Beauty,15560.69,2338.04
20220101,2,Electronics,35448.74,5782.85
20220101,2,Home,19382.47,3047.13
20220101,2,Sports,17695.56,2474.18
20220101,2,Toys,11218.66,1820.47
20220101,3,Beauty,24642.67,4043.44
20220101,3,Electronics,60838.79,8506.21
20220101,3,Home,31090.72,4497.27
20220101,3,Sports,26849.5,4177.56
20220101,3,Toys,22024.52,2989.57
20220101,4,Beauty,25865.07,4240.21
20220101,4,Electronics,85960.01,13582.31
20220101,4,Home,41470.0,6583.7
20220101,4,Sports,39185.99,5935.23
20220101,4,Toys,23594.05,3615.46
20220101,5,Beauty,26523.25,4005.75
20220101,5,Electronics,52012.53,7482.6
20220101,5,Home,32183.32,4716.48
20220101,5,Sports,25892.85,3720.74
20220101,5,Toys,21995.08,3370.01
20220101,6,Beauty,13792.3,2174.3
20220101,6,Electronics,31541.11,5085.13
20220101,6,Home,18188.62,2574.44
20220101,6,Sports,12660.96,1867.97
20220101,6,Toys,9541.18,1524.4
20220101,7,Beauty,15830.62,2373.36
20220101,7,Electronics,37861.75,5118.9
20220101,7,Home,19496.7,2712.36
20220101,7,Sports,19042.06,2982.49
20220101,7,Toys,14134.68,2192.57
20220201,1,Beauty,37466.21,5108.5
20220201,1,Electronics,91363.15,13081.0
20220201,1,Home,54556.57,7933.92
20220201,1,Sports,38665.73,5671.57
20220201,1,Toys,29159.32,4118.63
20220201,2,Beauty,15698.0,2442.63
20220201,2,Electronics,36948.39,5517.26
20220201,2,Home,18321.51,2762.46
20220201,2,Sports,16018.73,2382.37
20220201,2,Toys,12612.19,1883.39
20220201,3,Beauty,28515.28,4659.84
20220201,3,Electronics,71099.18,11062.94
20220201,3,Home,33505.04,4793.41
20220201,3,Sports,29687.34,4652.97
20220201,3,Toys,21407.74,3268.63
20220201,4,Beauty,29404.18,4521.25
20220201,4,Electronics,77227.49,10685.34
20220201,4,Home,35094.46,5104.27
20220201,4,Sports,34628.63,5152.32
20220201,4,Toys,22303.37,3576.59
20220201,5,Beauty,22484.12,3061.19
20220201,5,Electronics,60307.08,9402.44
20220201,5,Home,27858.14,4461.2
20220201,5,Sports,27282.51,4446.67
20220201,5,Toys,21650.56,3492.47
20220201,6,Beauty,12259.46,1866.36
20220201,6,Electronics,27968.76,4358.24
20220201,6,Home,13658.97,1874.16
20220201,6,Sports,12496.6,1715.83
20220201,6,Toys,9789.55,1386.19
20220201,7,Beauty,16887.01,2547.06
20220201,7,Electronics,39558.65,5561.22
20220201,7,Home,20083.14,2950.88
20220201,7,Sports,15652.15,2486.16
20220201,7,Toys,11647.98,1911.76
20220301,1,Beauty,36643.36,5231.21
20220301,1,Electronics,89976.6,12969.42
20220301,1,Home,41544.72,6359.87
20220301,1,Sports,42902.61,6212.35
20220301,1,Toys,34337.53,5314.58
20220301,2,Beauty,13160.82,2044.67
20220301,2,Electronics,37035.88,5036.78
20220301,2,Home,18585.6,2762.33
20220301,2,Sports,17951.51,2897.59
20220301,2,Toys,12678.29,1803.86
20220301,3,Beauty,23516.73,3735.69
20220301,3,Electronics,64066.68,9666.65
20220301,3,Home,40400.64,6496.9
20220301,3,Sports,31095.75,4604.08
20220301,3,Toys,22046.07,3008.4
20220301,4,Beauty,31554.98,5083.04
20220301,4,Electronics,67580.53,10319.45
20220301,4,Home,34698.39,5008.56
20220301,4,Sports,36891.27,5089.1
20220301,4,Toys,26612.97,4351.86
20220301,5,Beauty,21168.05,3029.64
20220301,5,Electronics,59273.33,9769.52
20220301,5,Home,31250.24,4903.82
20220301,5,Sports,31293.82,4969.28
20220301,5,Toys,19279.71,2850.86
20220301,6,Beauty,11054.79,1525.51
20220301,6,Electronics,29442.31,4532.18
20220301,6,Home,17930.9,2603.41
20220301,6,Sports,12354.53,1678.16
20220301,6,Toys,11436.05,1557.59
20220301,7,Beauty,17052.4,2423.66
20220301,7,Electronics,34640.97,5173.84
20220301,7,Home,21840.82,3408.16
20220301,7,Sports,17778.69,2572.4
20220301,7,Toys,14008.9,2014.75
20220401,1,Beauty,37025.86,5894.27
20220401,1,Electronics,103133.99,15661.2
20220401,1,Home,47266.92,7684.83
20220401,1,Sports,44502.57,7175.54
20220401,1,Toys,32075.19,4967.83
20220401,2,Beauty,15943.99,2599.33
20220401,2,Electronics,41078.65,5723.34
20220401,2,Home,22698.64,3593.0
20220401,2,Sports,19641.15,2835.45
20220401,2,Toys,11227.2,1745.16
20220401,3,Beauty,29312.25,4416.09
20220401,3,Electronics,67143.16,10296.15
20220401,3,Home,39895.93,5690.68
20220401,3,Sports,28796.92,4719.81
20220401,3,Toys,23790.27,3750.13
20220401,4,Beauty,32006.35,4470.81
20220401,4,Electronics,84358.76,13733.11
20220401,4,Home,46264.21,7280.52
20220401,4,Sports,30911.25,4918.41
20220401,4,Toys,24092.66,3886.14
20220401,5,Beauty,23471.64,3359.93
20220401,5,Electronics,69426.31,10697.2
20220401,5,Home,28294.3,4077.54
20220401,5,Sports,30888.75,4469.98
20220401,5,Toys,19153.72,2949.06
20220401,6,Beauty,12750.28,1858.21
20220401,6,Electronics,27652.28,4435.89
20220401,6,Home,14947.47,2211.03
20220401,6,Sports,13587.03,2059.28
20220401,6,Toys,10135.92,1608.45
20220401,7,Beauty,16734.96,2339.95
20220401,7,Electronics,38575.27,5348.27
20220401,7,Home,20121.66,3065.12
20220401,7,Sports,18284.92,2481.7
20220401,7,Toys,11261.13,1705.41
20220501,1,Beauty,36499.88,4951.86
20220501,1,Electronics,98638.76,15475.91
20220501,1,Home,43763.05,6865.51
20220501,1,Sports,45223.69,6469.35
20220501,1,Toys,25823.73,3868.13
20220501,2,Beauty,15566.54,2234.96
20220501,2,Electronics,42138.11,5793.19
20220501,2,Home,18396.81,3017.72
20220501,2,Sports,19349.37,2874.01
20220501,2,Toys,14004.84,2191.16
20220501,3,Beauty,28932.79,4600.6
20220501,3,Electronics,74753.62,11107.11
20220501,3,Home,31610.3,4951.22
20220501,3,Sports,36481.93,5444.58
20220501,3,Toys,25493.5,3557.4
20220501,4,Beauty,33833.49,4617.03
20220501,4,Electronics,69140.65,10459.66
20220501,4,Home,45573.72,6745.5
20220501,4,Sports,38532.95,5884.87
20220501,4,Toys,27745.81,4327.11
20220501,5,Beauty,22113.35,3508.74
20220501,5,Electronics,68746.02,10925.41
20220501,5,Home,30638.03,4783.83
20220501,5,Sports,25672.93,3891.02
20220501,5,Toys,18376.28,2702.43
20220501,6,Beauty,13135.95,1859.4
20220501,6,Electronics,30697.01,4387.32
20220501,6,Home,14813.21,2062.49
20220501,6,Sports,13268.3,2091.47
20220501,6,Toys,11437.39,1713.11
20220501,7,Beauty,13041.01,1813.92
20220501,7,Electronics,38885.13,5501.77
20220501,7,Home,21401.62,3332.42
20220501,7,Sports,19849.13,2736.68
20220501,7,Toys,12389.38,1984.67
20220601,1,Beauty,32983.94,4900.0
20220601,1,Electronics,99966.45,15040.35
20220601,1,Home,46985.7,6842.62
20220601,1,Sports,44078.77,6030.57
20220601,1,Toys,32757.53,4949.34
20220601,2,Beauty,15118.27,2183.09
20220601,2,Electronics,41191.15,5575.01
20220601,2,Home,23261.55,3348.78
20220601,2,Sports,16147.14,2462.15
20220601,2,Toys,11299.81,1837.41
20220601,3,Beauty,29585.29,4243.73
20220601,3,Electronics,75444.66,11007.97
20220601,3,Home,41190.65,5879.02
20220601,3,Sports,31639.26,4859.71
20220601,3,Toys,22254.18,3612.38
20220601,4,Beauty,30142.58,4103.56
20220601,4,Electronics,85208.26,12415.04
20220601,4,Home,38563.4,5668.08
20220601,4,Sports,36573.77,5162.82
20220601,4,Toys,21965.13,3396.44
20220601,5,Beauty,26642.36,4143.57
20220601,5,Electronics,67217.72,10089.11
20220601,5,Home,32098.82,4944.16
20220601,5,Sports,25801.63,4222.27
20220601,5,Toys,17922.15,2440.56
20220601,6,Beauty,11504.2,1774.34
20220601,6,Electronics,34077.55,5335.16
20220601,6,Home,17812.94,2785.86
20220601,6,Sports,14018.79,2291.8
20220601,6,Toys,10577.76,1490.55
20220601,7,Beauty,16308.02,2669.52
20220601,7,Electronics,39302.54,5353.1
20220601,7,Home,20774.81,2819.81
20220601,7,Sports,19346.52,2636.15
20220601,7,Toys,14262.81,1955.01
20220701,1,Beauty,35554.27,5680.37
20220701,1,Electronics,103137.64,15285.82
20220701,1,Home,48877.37,7161.17
20220701,1,Sports,37507.21,5414.55
20220701,1,Toys,29193.87,4016.91
20220701,2,Beauty,15931.34,2438.51
20220701,2,Electronics,38032.21,6213.04
20220701,2,Home,19032.64,2597.48
20220701,2,Sports,20044.03,2931.96
20220701,2,Toys,11219.79,1817.12
20220701,3,Beauty,25541.15,4045.45
20220701,3,Electronics,72529.74,11292.57
20220701,3,Home,32660.61,4599.02
20220701,3,Sports,33324.47,5489.53
20220701,3,Toys,20974.8,3086.33
20220701,4,Beauty,28004.48,3784.03
20220701,4,Electronics,81556.14,12142.56
20220701,4,Home,40584.1,6237.52
20220701,4,Sports,33221.62,5156.71
20220701,4,Toys,21944.98,3190.61
20220701,5,Beauty,20861.69,2925.41
20220701,5,Electronics,57657.92,8249.67
20220701,5,Home,36634.2,5496.43
20220701,5,Sports,25680.58,3992.0
20220701,5,Toys,23030.09,3544.25
20220701,6,Beauty,12962.16,1818.2
20220701,6,Electronics,27887.34,3856.28
20220701,6,Home,17350.04,2506.62
20220701,6,Sports,14226.52,2021.55
20220701,6,Toys,10681.58,1715.0
20220701,7,Beauty,13536.59,1936.89
20220701,7,Electronics,42985.82,6098.02
20220701,7,Home,22955.46,3334.03
20220701,7,Sports,15792.1,2431.21
20220701,7,Toys,12592.48,1970.72
20220801,1,Beauty,33238.71,5460.93
20220801,1,Electronics,100851.36,16224.49
20220801,1,Home,50737.15,7197.03
20220801,1,Sports,43740.85,6051.03
20220801,1,Toys,30016.44,4109.99
20220801,2,Beauty,14992.81,2246.05
20220801,2,Electronics,32737.55,5053.89
20220801,2,Home,22223.97,3236.23
20220801,2,Sports,20395.78,3143.02
20220801,2,Toys,12356.91,1750.73
20220801,3,Beauty,26933.76,4155.13
20220801,3,Electronics,59383.62,8656.28
20220801,3,Home,33168.88,4479.17
20220801,3,Sports,33190.99,4593.88
20220801,3,Toys,26019.65,4287.41
20220801,4,Beauty,33114.75,4501.13
20220801,4,Electronics,66706.23,10691.36
20220801,4,Home,36286.15,5421.73
20220801,4,Sports,33344.24,5325.67
20220801,4,Toys,24220.04,3958.99
20220801,5,Beauty,24054.61,3951.11
20220801,5,Electronics,67380.54,10076.04
20220801,5,Home,32189.31,4955.08
20220801,5,Sports,24811.13,3806.41
20220801,5,Toys,21585.55,3302.49
20220801,6,Beauty,11883.77,1931.8
20220801,6,Electronics,34124.19,4944.42
20220801,6,Home,17873.82,2655.81
20220801,6,Sports,16216.82,2442.5
20220801,6,Toys,9368.24,1432.48
20220801,7,Beauty,16870.83,2349.51
20220801,7,Electronics,34669.04,4880.64
20220801,7,Home,20561.18,2988.08
20220801,7,Sports,15323.51,2240.43
20220801,7,Toys,11300.63,1669.5
20220901,1,Beauty,38243.81,5847.75
20220901,1,Electronics,86619.46,13278.81
20220901,1,Home,53079.11,8175.7
20220901,1,Sports,43865.16,7016.12
20220901,1,Toys,29616.23,4428.41
20220901,2,Beauty,15186.95,2247.4
20220901,2,Electronics,38973.8,5433.16
20220901,2,Home,20901.4,3292.73
20220901,2,Sports,16680.87,2725.22
20220901,2,Toys,14638.46,2384.97
20220901,3,Beauty,24311.53,3313.03
20220901,3,Electronics,73912.94,11118.44
20220901,3,Home,35449.1,5452.05
20220901,3,Sports,30053.94,4460.04
20220901,3,Toys,22102.49,3270.93
20220901,4,Beauty,32919.45,4496.83
20220901,4,Electronics,75839.36,10770.41
20220901,4,Home,44567.92,6246.0
20220901,4,Sports,40798.37,5943.76
20220901,4,Toys,28157.6,4460.8
20220901,5,Beauty,25355.46,3666.62
20220901,5,Electronics,59962.77,8514.62
20220901,5,Home,28692.72,4128.13
20220901,5,Sports,29734.68,4737.48
20220901,5,Toys,19994.08,3232.52
20220901,6,Beauty,12827.99,1910.23
20220901,6,Electronics,27489.02,3844.23
20220901,6,Home,18557.35,2978.02
20220901,6,Sports,13642.18,1854.47
20220901,6,Toys,10702.77,1456.26
20220901,7,Beauty,13341.26,2101.57
20220901,7,Electronics,39613.17,5781.73
20220901,7,Home,19608.59,3198.95
20220901,7,Sports,15900.2,2562.25
20220901,7,Toys,13264.25,2024.94
20221001,1,Beauty,38073.41,5438.25
20221001,1,Electronics,85228.59,12727.19
20221001,1,Home,48832.67,7740.37
20221001,1,Sports,37692.45,5269.63
20221001,1,Toys,34365.33,5597.58
20221001,2,Beauty,17522.5,2618.76
20221001,2,Electronics,33391.15,5123.52
20221001,2,Home,21435.83,3235.85
20221001,2,Sports,19578.45,2934.41
20221001,2,Toys,13134.66,2010.97
20221001,3,Beauty,31095.85,4583.38
20221001,3,Electronics,59596.94,9103.72
20221001,3,Home,35818.63,5809.81
20221001,3,Sports,29097.78,4472.71
20221001,3,Toys,23270.79,3718.65
20221001,4,Beauty,31317.96,4575.62
20221001,4,Electronics,79525.52,12787.27
20221001,4,Home,46017.78,6256.23
20221001,4,Sports,40103.59,6219.54
20221001,4,Toys,23250.22,3621.0
20221001,5,Beauty,25817.21,4259.66
20221001,5,Electronics,53049.89,7201.56
20221001,5,Home,32531.26,5156.87
20221001,5,Sports,25873.79,4261.27
20221001,5,Toys,21058.65,2962.71
20221001,6,Beauty,11893.03,1741.93
20221001,6,Electronics,30198.45,4638.58
20221001,6,Home,15766.59,2134.39
20221001,6,Sports,14163.13,2293.77
20221001,6,Toys,9825.47,1417.73
20221001,7,Beauty,16614.24,2352.13
20221001,7,Electronics,41469.88,5930.69
20221001,7,Home,19499.83,2910.87
20221001,7,Sports,18574.83,3037.01
20221001,7,Toys,12196.23,1835.0
20221101,1,Beauty,31433.42,4540.86
20221101,1,Electronics,97164.28,15133.22
20221101,1,Home,43082.63,6151.75
20221101,1,Sports,40821.04,5961.62
20221101,1,Toys,35161.37,5526.96
20221101,2,Beauty,13181.58,1850.61
20221101,2,Electronics,35777.66,4936.37
20221101,2,Home,20194.85,3187.98
20221101,2,Sports,16046.71,2581.23
20221101,2,Toys,13589.93,2136.05
20221101,3,Beauty,29543.64,4387.62
20221101,3,Electronics,69483.45,10639.0
20221101,3,Home,35714.34,5779.04
20221101,3,Sports,29684.5,4126.57
20221101,3,Toys,22883.41,3741.4
20221101,4,Beauty,31520.78,5119.22
20221101,4,Electronics,84329.81,12782.88
20221101,4,Home,39465.68,6121.75
20221101,4,Sports,39454.37,6207.22
20221101,4,Toys,22225.42,3086.28
20221101,5,Beauty,27585.2,4187.05
20221101,5,Electronics,60726.14,9568.9
20221101,5,Home,29216.42,4020.99
20221101,5,Sports,31620.07,5000.36
20221101,5,Toys,22304.68,3336.83
20221101,6,Beauty,13252.08,2101.34
20221101,6,Electronics,32057.74,4332.12
20221101,6,Home,17240.25,2349.26
20221101,6,Sports,16032.12,2287.8
20221101,6,Toys,10138.92,1455.8
20221101,7,Beauty,14814.7,2234.8
20221101,7,Electronics,43602.97,6414.8
20221101,7,Home,23467.08,3685.8
20221101,7,Sports,15854.71,2540.66
20221101,7,Toys,13503.52,1901.05
20221201,1,Beauty,36908.04,5042.73
20221201,1,Electronics,92175.14,14042.29
20221201,1,Home,43672.38,5938.91
20221201,1,Sports,41703.36,5708.95
20221201,1,Toys,30149.16,4451.1
20221201,2,Beauty,17157.5,2344.88
20221201,2,Electronics,35315.75,5342.57
20221201,2,Home,19947.93,2724.25
20221201,2,Sports,19878.78,2710.21
20221201,2,Toys,12085.87,1857.68
20221201,3,Beauty,28168.79,3808.0
20221201,3,Electronics,59835.28,9572.83
20221201,3,Home,31497.21,4436.89
20221201,3,Sports,29324.86,4291.91
20221201,3,Toys,19878.77,2888.01
20221201,4,Beauty,31492.37,4328.17
20221201,4,Electronics,72894.59,11616.46
20221201,4,Home,46228.46,6601.27
20221201,4,Sports,31803.96,4802.38
20221201,4,Toys,26876.05,3884.52
20221201,5,Beauty,24192.4,3889.81
20221201,5,Electronics,61127.39,9425.88
20221201,5,Home,33548.43,5257.26
20221201,5,Sports,25654.51,3565.56
20221201,5,Toys,18399.78,2884.59
20221201,6,Beauty,10906.18,1768.05
20221201,6,Electronics,27294.74,4028.73
20221201,6,Home,17632.86,2869.08
20221201,6,Sports,16079.42,2354.88
20221201,6,Toys,9003.91,1294.07
20221201,7,Beauty,13298.99,1927.68
20221201,7,Electronics,38695.54,5906.67
20221201,7,Home,22014.64,3302.91
20221201,7,Sports,16807.61,2520.71
20221201,7,Toys,11842.13,1796.17
20230101,1,Beauty,51104.78,8058.9
20230101,1,Electronics,121023.65,19560.2
20230101,1,Home,53246.36,8403.45
20230101,1,Sports,53573.91,8056.15
20230101,1,Toys,37854.15,5322.99
20230101,2,Beauty,18157.59,2621.81
20230101,2,Electronics,40177.57,6124.49
20230101,2,Home,21795.73,3533.28
20230101,2,Sports,20236.8,2755.69
20230101,2,Toys,14296.51,1981.12
20230101,3,Beauty,34825.65,4964.57
20230101,3,Electronics,82818.98,12416.99
20230101,3,Home,46202.15,7148.41
20230101,3,Sports,36204.92,5680.61
20230101,3,Toys,25092.03,4060.6
20230101,4,Beauty,41983.12,5700.31
20230101,4,Electronics,89859.12,12454.44
20230101,4,Home,44908.74,6261.37
20230101,4,Sports,39878.37,6051.23
20230101,4,Toys,30691.16,4732.96
20230101,5,Beauty,33171.22,5021.36
20230101,5,Electronics,78904.36,11457.26
20230101,5,Home,36714.25,5550.11
20230101,5,Sports,34053.76,5433.82
20230101,5,Toys,25695.4,4172.55
20230101,6,Beauty,16950.48,2318.15
20230101,6,Electronics,39582.96,5648.22
20230101,6,Home,21216.2,3396.65
20230101,6,Sports,17075.04,2617.27
20230101,6,Toys,13205.65,2016.96
20230101,7,Beauty,20007.67,3052.91
20230101,7,Electronics,43274.87,5975.74
20230101,7,Home,28581.84,4237.02
20230101,7,Sports,22707.23,3423.27
20230101,7,Toys,16681.7,2530.98
20230201,1,Beauty,38698.23,5650.36
20230201,1,Electronics,107568.61,15605.36
20230201,1,Home,56941.43,7991.41
20230201,1,Sports,58392.4,9002.39
20230201,1,Toys,37084.56,5248.6
20230201,2,Beauty,17955.39,2803.53
20230201,2,Electronics,47636.76,6510.91
20230201,2,Home,21692.66,3243.08
20230201,2,Sports,20230.0,3208.51
20230201,2,Toys,15365.84,2213.77
20230201,3,Beauty,30409.43,4899.98
20230201,3,Electronics,86652.22,12528.4
20230201,3,Home,41673.27,6681.77
20230201,3,Sports,42308.6,6528.29
20230201,3,Toys,31910.18,4446.18
20230201,4,Beauty,42911.83,6977.14
20230201,4,Electronics,100484.18,15050.74
20230201,4,Home,47246.15,7445.35
20230201,4,Sports,41620.73,5872.07
20230201,4,Toys,34930.63,4886.21
20230201,5,Beauty,26392.51,3752.65
20230201,5,Electronics,65681.4,9138.44
20230201,5,Home,36915.83,5324.11
20230201,5,Sports,36723.71,5029.23
20230201,5,Toys,28612.8,4556.33
20230201,6,Beauty,15132.27,2385.11
20230201,6,Electronics,37703.97,5647.3
20230201,6,Home,18480.38,2563.09
20230201,6,Sports,19447.44,2848.97
20230201,6,Toys,12291.92,1808.11
20230201,7,Beauty,17822.89,2483.02
20230201,7,Electronics,43341.05,6294.87
20230201,7,Home,25733.94,3539.09
20230201,7,Sports,21566.42,3245.93
20230201,7,Toys,16913.53,2579.74
20230301,1,Beauty,46366.22,7424.3
20230301,1,Electronics,105970.43,16675.47
20230301,1,Home,63075.51,9724.79
20230301,1,Sports,51477.83,6962.29
20230301,1,Toys,32196.64,4541.62
20230301,2,Beauty,18166.06,2774.24
20230301,2,Electronics,40920.58,6311.19
20230301,2,Home,24629.39,3925.04
20230301,2,Sports,24759.8,3813.96
20230301,2,Toys,13856.73,2084.93
20230301,3,Beauty,33403.3,5294.11
20230301,3,Electronics,82575.01,13102.48
20230301,3,Home,43966.12,6665.09
20230301,3,Sports,41038.52,6572.96
20230301,3,Toys,29828.56,4915.35
20230301,4,Beauty,42357.47,6591.51
20230301,4,Electronics,83148.63,13239.7
20230301,4,Home,53097.58,7230.43
20230301,4,Sports,42036.19,6695.43
20230301,4,Toys,32514.62,5108.27
20230301,5,Beauty,32551.12,4679.04
20230301,5,Electronics,69951.62,10186.2
20230301,5,Home,40534.29,5812.62
20230301,5,Sports,40161.73,6495.32
20230301,5,Toys,23608.68,3748.01
20230301,6,Beauty,16401.52,2230.34
20230301,6,Electronics,38853.64,6173.68
20230301,6,Home,20693.4,3272.72
20230301,6,Sports,17605.2,2666.99
20230301,6,Toys,12586.3,1843.61
20230301,7,Beauty,19303.99,2819.99
20230301,7,Electronics,49140.24,7994.27
20230301,7,Home,26536.79,3761.61
20230301,7,Sports,25025.45,4071.17
20230301,7,Toys,14080.06,2000.51
20230401,1,Beauty,47805.03,6812.59
20230401,1,Electronics,117281.04,18001.2
20230401,1,Home,56245.76,8015.7
20230401,1,Sports,46389.64,6284.38
20230401,1,Toys,36967.01,5630.52
20230401,2,Beauty,21383.47,3449.41
20230401,2,Electronics,45374.34,6811.84
20230401,2,Home,28913.06,4684.6
20230401,2,Sports,23143.17,3455.95
20230401,2,Toys,15492.87,2102.16
20230401,3,Beauty,30602.63,4313.61
20230401,3,Electronics,92239.03,13632.66
20230401,3,Home,43078.98,6271.6
20230401,3,Sports,36006.18,5234.88
20230401,3,Toys,29505.34,4224.8
20230401,4,Beauty,34541.61,4776.85
20230401,4,Electronics,85497.75,12009.37
20230401,4,Home,51466.47,7167.9
20230401,4,Sports,42877.42,6624.21
20230401,4,Toys,34887.53,5193.14
20230401,5,Beauty,31530.19,4660.9
20230401,5,Electronics,69914.04,10035.43
20230401,5,Home,36734.4,6009.01
20230401,5,Sports,37695.39,5541.98
20230401,5,Toys,22615.97,3519.69
20230401,6,Beauty,14912.5,2058.72
20230401,6,Electronics,36923.24,5851.5
20230401,6,Home,22382.72,3437.27
20230401,6,Sports,16617.38,2529.6
20230401,6,Toys,13190.96,1982.75
20230401,7,Beauty,16570.77,2509.62
20230401,7,Electronics,43386.92,5971.67
20230401,7,Home,22998.44,3668.38
20230401,7,Sports,20777.73,2976.9
20230401,7,Toys,15980.88,2532.02
20230501,1,Beauty,44181.07,6663.38
20230501,1,Electronics,104492.48,14793.14
20230501,1,Home,69438.17,11244.85
20230501,1,Sports,54881.15,7461.96
20230501,1,Toys,39001.67,5635.29
20230501,2,Beauty,16429.56,2548.81
20230501,2,Electronics,48551.96,7409.65
20230501,2,Home,21582.98,3305.7
20230501,2,Sports,20097.23,2958.76
20230501,2,Toys,14654.19,2348.27
20230501,3,Beauty,35780.8,5819.03
20230501,3,Electronics,95124.18,13402.67
20230501,3,Home,47099.98,6580.96
20230501,3,Sports,33968.8,4983.15
20230501,3,Toys,25680.23,4176.74
20230501,4,Beauty,43280.64,6140.54
20230501,4,Electronics,97897.95,15038.6
20230501,4,Home,44216.54,6588.67
20230501,4,Sports,38675.33,5641.29
20230501,4,Toys,34239.33,5091.46
20230501,5,Beauty,26044.62,3839.3
20230501,5,Electronics,82628.61,12419.34
20230501,5,Home,43533.58,6869.68
20230501,5,Sports,33105.05,4909.72
20230501,5,Toys,26704.8,3637.7
20230501,6,Beauty,13269.63,1847.64
20230501,6,Electronics,33289.91,4591.37
20230501,6,Home,20828.79,3277.07
20230501,6,Sports,18148.19,2784.68
20230501,6,Toys,14151.74,2290.66
20230501,7,Beauty,16274.45,2337.61
20230501,7,Electronics,52100.03,7543.94
20230501,7,Home,28323.73,4105.47
20230501,7,Sports,22625.21,3644.25
20230501,7,Toys,16137.21,2638.09
20230601,1,Beauty,46847.7,7686.1
20230601,1,Electronics,128659.91,18474.4
20230601,1,Home,65457.06,9417.1
20230601,1,Sports,54315.16,8249.26
20230601,1,Toys,34121.21,4731.15
20230601,2,Beauty,20452.0,2809.22
20230601,2,Electronics,45727.75,6870.09
20230601,2,Home,22317.22,3672.88
20230601,2,Sports,23842.27,3693.12
20230601,2,Toys,14715.03,2214.54
20230601,3,Beauty,29481.94,4632.42
20230601,3,Electronics,83221.83,11683.78
20230601,3,Home,44532.54,6507.85
20230601,3,Sports,44730.88,7241.84
20230601,3,Toys,29700.11,4675.34
20230601,4,Beauty,34285.42,5537.58
20230601,4,Electronics,98681.26,15366.88
20230601,4,Home,54737.76,7510.11
20230601,4,Sports,47566.74,6882.03
20230601,4,Toys,31651.45,4313.75
20230601,5,Beauty,26666.8,3615.99
20230601,5,Electronics,78600.48,11047.91
20230601,5,Home,39200.55,6144.64
20230601,5,Sports,30162.39,4820.26
20230601,5,Toys,27234.74,4007.53
20230601,6,Beauty,14894.64,2392.17
20230601,6,Electronics,32287.49,4805.57
20230601,6,Home,19670.74,2673.81
20230601,6,Sports,15584.06,2571.13
20230601,6,Toys,11954.78,1888.78
20230601,7,Beauty,17969.54,2793.3
20230601,7,Electronics,45044.51,6222.62
20230601,7,Home,27238.67,4484.56
20230601,7,Sports,23358.13,3794.21
20230601,7,Toys,16198.76,2505.78
20230701,1,Beauty,41750.2,6308.06
20230701,1,Electronics,97513.52,13204.35
20230701,1,Home,60640.97,8574.29
20230701,1,Sports,49039.17,7234.17
20230701,1,Toys,33693.23,4666.52
20230701,2,Beauty,16318.58,2258.1
20230701,2,Electronics,50660.95,7195.68
20230701,2,Home,28693.49,4437.11
20230701,2,Sports,23266.39,3334.22
20230701,2,Toys,14857.83,2344.64
20230701,3,Beauty,35316.2,5823.68
20230701,3,Electronics,91217.85,12660.07
20230701,3,Home,48059.55,6696.69
20230701,3,Sports,36257.17,5403.92
20230701,3,Toys,27807.43,4549.97
20230701,4,Beauty,36585.08,5817.87
20230701,4,Electronics,108001.06,16488.93
20230701,4,Home,54306.04,7862.57
20230701,4,Sports,43205.6,5928.39
20230701,4,Toys,35890.99,5182.72
20230701,5,Beauty,25969.28,3657.53
20230701,5,Electronics,85587.43,12810.18
20230701,5,Home,43700.85,6323.27
20230701,5,Sports,35130.88,5652.37
20230701,5,Toys,24776.85,3903.18
20230701,6,Beauty,16085.58,2627.07
20230701,6,Electronics,34048.06,4725.36
20230701,6,Home,20357.03,2861.34
20230701,6,Sports,19413.77,3010.63
20230701,6,Toys,13361.93,1934.93
20230701,7,Beauty,21733.35,3277.97
20230701,7,Electronics,53205.99,7514.95
20230701,7,Home,25485.02,3932.58
20230701,7,Sports,24136.33,3906.79
20230701,7,Toys,14025.47,1919.06
20230801,1,Beauty,50460.62,8113.23
20230801,1,Electronics,117752.23,18514.77
20230801,1,Home,60658.83,9707.33
20230801,1,Sports,60844.93,9438.08
20230801,1,Toys,32388.97,4830.69
20230801,2,Beauty,19428.09,2882.63
20230801,2,Electronics,49235.35,7868.88
20230801,2,Home,25095.35,3808.24
20230801,2,Sports,22035.43,3126.6
20230801,2,Toys,18154.84,2557.01
20230801,3,Beauty,29313.01,4029.84
20230801,3,Electronics,95365.34,14704.62
20230801,3,Home,49231.45,7749.86
20230801,3,Sports,40212.5,5473.87
20230801,3,Toys,31148.45,4271.23
20230801,4,Beauty,36832.7,6066.01
20230801,4,Electronics,97146.45,15622.82
20230801,4,Home,50583.88,7899.97
20230801,4,Sports,45009.37,6769.53
20230801,4,Toys,31441.59,4478.71
20230801,5,Beauty,31299.68,4281.96
20230801,5,Electronics,73266.47,10921.26
20230801,5,Home,38361.07,5802.96
20230801,5,Sports,30205.74,4633.73
20230801,5,Toys,28101.8,4516.5
20230801,6,Beauty,13437.89,2213.2
20230801,6,Electronics,38732.37,5625.88
20230801,6,Home,19375.62,2940.71
20230801,6,Sports,18177.9,2904.45
20230801,6,Toys,13515.59,2040.2
20230801,7,Beauty,17304.62,2787.59
20230801,7,Electronics,50733.22,7621.93
20230801,7,Home,28155.54,4074.58
20230801,7,Sports,22735.58,3646.25
20230801,7,Toys,15411.05,2224.27
20230901,1,Beauty,49988.5,7468.87
20230901,1,Electronics,122471.24,17999.27
20230901,1,Home,65055.34,9458.43
20230901,1,Sports,52589.86,7688.55
20230901,1,Toys,39160.99,5858.21
20230901,2,Beauty,17488.36,2600.68
20230901,2,Electronics,47103.67,7208.11
20230901,2,Home,28097.28,4204.91
20230901,2,Sports,24054.94,3618.91
20230901,2,Toys,17639.09,2493.13
20230901,3,Beauty,32139.47,4843.66
20230901,3,Electronics,88538.9,13376.78
20230901,3,Home,39754.29,5775.59
20230901,3,Sports,41432.91,6069.54
20230901,3,Toys,28616.54,4215.09
20230901,4,Beauty,38130.58,5864.53
20230901,4,Electronics,105992.38,16791.55
20230901,4,Home,56406.95,8850.02
20230901,4,Sports,49766.13,7146.88
20230901,4,Toys,36046.1,5775.54
20230901,5,Beauty,27473.63,4096.41
20230901,5,Electronics,84862.98,12652.33
20230901,5,Home,35273.23,5031.94
20230901,5,Sports,31561.68,4839.15
20230901,5,Toys,24148.47,3592.62
20230901,6,Beauty,13577.35,1893.2
20230901,6,Electronics,36669.87,5242.75
20230901,6,Home,19850.33,3236.23
20230901,6,Sports,15554.65,2199.77
20230901,6,Toys,13895.88,1984.38
20230901,7,Beauty,19297.03,2973.39
20230901,7,Electronics,42035.56,5808.43
20230901,7,Home,21925.02,3400.9
20230901,7,Sports,23662.52,3313.01
20230901,7,Toys,17667.21,2759.29
20231001,1,Beauty,43088.84,6442.15
20231001,1,Electronics,117071.12,16839.82
20231001,1,Home,68428.97,9707.23
20231001,1,Sports,49700.27,8155.11
20231001,1,Toys,35793.73,5723.08
20231001,2,Beauty,21006.76,2988.74
20231001,2,Electronics,52803.72,7902.78
20231001,2,Home,22726.01,3100.86
20231001,2,Sports,19681.13,2805.85
20231001,2,Toys,15613.81,2158.74
20231001,3,Beauty,33270.11,5108.74
20231001,3,Electronics,73923.97,10539.84
20231001,3,Home,52379.03,7369.64
20231001,3,Sports,46064.34,7091.29
20231001,3,Toys,28001.05,4121.36
20231001,4,Beauty,35067.04,5114.54
20231001,4,Electronics,86348.83,12283.63
20231001,4,Home,53299.57,8172.21
20231001,4,Sports,47998.6,7678.69
20231001,4,Toys,34739.21,5573.61
20231001,5,Beauty,27565.68,3726.67
20231001,5,Electronics,78789.66,11741.51
20231001,5,Home,44131.78,6143.04
20231001,5,Sports,35031.55,5665.07
20231001,5,Toys,27922.92,4207.48
20231001,6,Beauty,16754.99,2290.18
20231001,6,Electronics,39045.95,5913.94
20231001,6,Home,18153.02,2961.31
20231001,6,Sports,17766.49,2583.17
20231001,6,Toys,11964.07,1917.35
20231001,7,Beauty,20539.65,2837.68
20231001,7,Electronics,54295.56,7978.05
20231001,7,Home,22995.13,3471.44
20231001,7,Sports,25419.78,3903.33
20231001,7,Toys,14268.37,2317.74
20231101,1,Beauty,42929.39,5928.93
20231101,1,Electronics,110921.27,15618.9
20231101,1,Home,68360.02,10377.86
20231101,1,Sports,61365.28,9422.56
20231101,1,Toys,40556.03,5627.55
20231101,2,Beauty,20336.65,2803.4
20231101,2,Electronics,51205.86,6955.59
20231101,2,Home,21941.95,3052.7
20231101,2,Sports,25619.96,4219.94
20231101,2,Toys,16202.26,2635.56
20231101,3,Beauty,37944.38,5839.47
20231101,3,Electronics,80180.45,10949.09
20231101,3,Home,46603.04,7431.93
20231101,3,Sports,37835.53,5562.86
20231101,3,Toys,29314.91,4229.68
20231101,4,Beauty,41370.2,6764.63
20231101,4,Electronics,86204.46,13583.17
20231101,4,Home,48177.31,7065.1
20231101,4,Sports,50468.13,7726.75
20231101,4,Toys,30736.36,4466.68
20231101,5,Beauty,33965.44,5105.94
20231101,5,Electronics,82173.12,12990.29
20231101,5,Home,38169.85,5738.75
20231101,5,Sports,31513.15,4501.35
20231101,5,Toys,25098.2,3637.44
20231101,6,Beauty,15209.8,2435.02
20231101,6,Electronics,41955.07,6006.44
20231101,6,Home,19979.68,3005.25
20231101,6,Sports,18011.81,2453.09
20231101,6,Toys,12466.56,1900.63
20231101,7,Beauty,19776.07,3090.84
20231101,7,Electronics,51010.35,7411.63
20231101,7,Home,29002.9,3997.84
20231101,7,Sports,21453.73,3288.19
20231101,7,Toys,16205.73,2246.46
20231201,1,Beauty,42131.65,5933.43
20231201,1,Electronics,117093.57,17137.16
20231201,1,Home,53360.77,7696.12
20231201,1,Sports,51701.89,7347.79
20231201,1,Toys,36308.88,4994.72
20231201,2,Beauty,17914.23,2876.3
20231201,2,Electronics,42354.97,6825.36
20231201,2,Home,26770.97,4196.11
20231201,2,Sports,24186.93,3680.98
20231201,2,Toys,18184.38,2960.6
20231201,3,Beauty,32895.91,4838.78
20231201,3,Electronics,79548.58,12544.11
20231201,3,Home,50050.76,7448.54
20231201,3,Sports,43821.89,6441.07
20231201,3,Toys,24473.24,3448.81
20231201,4,Beauty,42211.27,6773.04
20231201,4,Electronics,106235.27,16813.03
20231201,4,Home,51356.18,6967.83
20231201,4,Sports,41692.2,6835.49
20231201,4,Toys,30151.06,4564.84
20231201,5,Beauty,26185.03,4224.37
20231201,5,Electronics,65689.66,9923.57
20231201,5,Home,38192.13,5899.23
20231201,5,Sports,31646.89,5149.66
20231201,5,Toys,24273.85,3465.04
20231201,6,Beauty,15526.12,2403.3
20231201,6,Electronics,37038.76,5054.78
20231201,6,Home,21166.14,3305.6
20231201,6,Sports,19296.89,3025.19
20231201,6,Toys,11480.06,1856.69
20231201,7,Beauty,21543.9,3238.35
20231201,7,Electronics,47950.69,7804.68
20231201,7,Home,27557.31,4089.13
20231201,7,Sports,20626.26,2974.48
20231201,7,Toys,15682.71,2578.84
20240101,1,Beauty,58146.82,9451.09
20240101,1,Electronics,137749.12,21412.01
20240101,1,Home,75074.84,11088.89
20240101,1,Sports,54773.54,8942.79
20240101,1,Toys,39945.68,5612.25
20240101,2,Beauty,23878.56,3909.0
20240101,2,Electronics,58785.95,9378.85
20240101,2,Home,25743.32,4168.68
20240101,2,Sports,27667.24,4066.12
20240101,2,Toys,18000.37,2536.65
20240101,3,Beauty,44631.22,6683.77
20240101,3,Electronics,89914.83,13337.2
20240101,3,Home,55118.22,8687.11
20240101,3,Sports,40669.09,6200.54
20240101,3,Toys,35315.96,5050.67
20240101,4,Beauty,39764.3,6290.87
20240101,4,Electronics,105518.33,14930.53
20240101,4,Home,68225.78,11205.81
20240101,4,Sports,50039.54,7665.51
20240101,4,Toys,32719.84,5301.46
20240101,5,Beauty,32451.97,4703.76
20240101,5,Electronics,92068.08,13347.53
20240101,5,Home,52741.62,8580.34
20240101,5,Sports,43231.47,5842.44
20240101,5,Toys,32251.74,5009.51
20240101,6,Beauty,15817.36,2142.5
20240101,6,Electronics,40468.05,5525.04
20240101,6,Home,20821.62,3199.43
20240101,6,Sports,18437.61,2932.16
20240101,6,Toys,14994.51,2278.07
20240101,7,Beauty,21056.26,3135.83
20240101,7,Electronics,57738.75,8273.4
20240101,7,Home,25758.54,4188.42
20240101,7,Sports,22452.24,3115.62
20240101,7,Toys,16889.48,2602.14
20240201,1,Beauty,56532.78,8446.76
20240201,1,Electronics,131907.31,18235.12
20240201,1,Home,82758.44,12113.72
20240201,1,Sports,59852.39,9050.35
20240201,1,Toys,47040.63,6896.42
20240201,2,Beauty,22909.77,3147.97
20240201,2,Electronics,49016.77,7950.87
20240201,2,Home,28822.99,4699.06
20240201,2,Sports,28095.89,4467.05
20240201,2,Toys,17087.78,2612.19
20240201,3,Beauty,41064.01,6731.87
20240201,3,Electronics,113419.07,16425.2
20240201,3,Home,50400.32,7240.42
20240201,3,Sports,43893.54,6177.87
20240201,3,Toys,28763.3,4676.24
20240201,4,Beauty,44855.89,7247.84
20240201,4,Electronics,107578.77,17224.44
20240201,4,Home,52706.17,8118.95
20240201,4,Sports,52859.75,8265.68
20240201,4,Toys,42328.2,6693.63
20240201,5,Beauty,33178.73,4966.21
20240201,5,Electronics,92484.33,14577.96
20240201,5,Home,49091.61,7699.32
20240201,5,Sports,37316.02,5368.52
20240201,5,Toys,28038.91,4010.56
20240201,6,Beauty,15760.29,2545.03
20240201,6,Electronics,51686.89,7289.12
20240201,6,Home,23405.14,3196.01
20240201,6,Sports,20720.75,2881.29
20240201,6,Toys,16979.1,2674.6
20240201,7,Beauty,24060.21,3924.65
20240201,7,Electronics,58240.06,8091.57
20240201,7,Home,31867.82,4668.49
20240201,7,Sports,25991.4,3544.49
20240201,7,Toys,20939.29,2957.52
20240301,1,Beauty,60331.38,8166.93
20240301,1,Electronics,143911.13,20262.45
20240301,1,Home,79873.81,11183.82
20240301,1,Sports,68468.3,9463.34
20240301,1,Toys,51847.79,7910.26
20240301,2,Beauty,23161.76,3244.98
20240301,2,Electronics,55283.34,8528.06
20240301,2,Home,29686.12,4795.08
20240301,2,Sports,26937.38,4005.59
20240301,2,Toys,21490.77,3349.38
20240301,3,Beauty,44903.99,6314.44
20240301,3,Electronics,97095.07,14166.98
20240301,3,Home,61590.59,9492.33
20240301,3,Sports,44110.32,6364.66
20240301,3,Toys,32561.92,4706.42
20240301,4,Beauty,45344.28,7410.5
20240301,4,Electronics,104952.82,14451.81
20240301,4,Home,60841.32,8653.1
20240301,4,Sports,60486.7,9414.18
20240301,4,Toys,39350.76,6083.64
20240301,5,Beauty,35858.79,4891.67
20240301,5,Electronics,91241.8,13411.39
20240301,5,Home,49852.32,7098.93
20240301,5,Sports,46917.72,6698.14
20240301,5,Toys,31807.55,4622.91
20240301,6,Beauty,20246.95,3043.66
20240301,6,Electronics,42637.6,6502.21
20240301,6,Home,25837.27,3618.04
20240301,6,Sports,23110.59,3583.12
20240301,6,Toys,17033.18,2656.38
20240301,7,Beauty,23650.83,3842.44
20240301,7,Electronics,49671.63,6812.16
20240301,7,Home,30998.06,4814.82
20240301,7,Sports,24822.85,3890.56
20240301,7,Toys,20617.77,2812.96
20240401,1,Beauty,47295.99,6932.84
20240401,1,Electronics,130486.34,17799.69
20240401,1,Home,78553.23,12953.81
20240401,1,Sports,67494.94,9925.61
20240401,1,Toys,45153.09,6869.51
20240401,2,Beauty,25388.56,3608.04
20240401,2,Electronics,54568.26,7657.46
20240401,2,Home,33281.87,4534.43
20240401,2,Sports,25920.08,4162.58
20240401,2,Toys,19385.72,2719.03
20240401,3,Beauty,35542.71,5300.55
20240401,3,Electronics,113834.07,18527.42
20240401,3,Home,58152.25,7937.79
20240401,3,Sports,54598.12,8827.91
20240401,3,Toys,37288.46,5683.49
20240401,4,Beauty,51174.4,7660.63
20240401,4,Electronics,120720.47,17336.49
20240401,4,Home,64685.9,9101.29
20240401,4,Sports,58008.24,7919.16
20240401,4,Toys,34072.06,5187.91
20240401,5,Beauty,39906.72,6508.24
20240401,5,Electronics,79794.44,12667.91
20240401,5,Home,54034.27,8639.59
20240401,5,Sports,43659.31,6119.67
20240401,5,Toys,33738.99,5093.67
20240401,6,Beauty,20063.41,3284.11
20240401,6,Electronics,42081.48,6557.84
20240401,6,Home,27253.35,4045.7
20240401,6,Sports,22385.28,3129.96
20240401,6,Toys,13067.37,2036.0
20240401,7,Beauty,24671.2,3503.24
20240401,7,Electronics,58788.33,8021.95
20240401,7,Home,29296.52,4191.06
20240401,7,Sports,27976.17,3900.73
20240401,7,Toys,18934.2,2847.68
20240501,1,Beauty,51520.35,6982.52
20240501,1,Electronics,143109.79,19938.58
20240501,1,Home,72539.57,11079.9
20240501,1,Sports,54941.62,8628.51
20240501,1,Toys,44847.34,6093.48
20240501,2,Beauty,25222.13,4018.51
20240501,2,Electronics,54949.96,8663.0
20240501,2,Home,34364.22,4811.38
20240501,2,Sports,28304.51,4632.66
20240501,2,Toys,17477.45,2573.87
20240501,3,Beauty,38827.25,5792.99
20240501,3,Electronics,97157.8,15356.09
20240501,3,Home,56255.32,7692.57
20240501,3,Sports,54510.28,8354.11
20240501,3,Toys,38829.26,5925.67
20240501,4,Beauty,43917.66,6288.76
20240501,4,Electronics,102441.76,15179.12
20240501,4,Home,60598.46,9918.68
20240501,4,Sports,51291.75,7052.92
20240501,4,Toys,40452.6,6004.39
20240501,5,Beauty,37691.21,6052.68
20240501,5,Electronics,96422.57,14487.27
20240501,5,Home,45226.89,6720.13
20240501,5,Sports,42816.3,6457.77
20240501,5,Toys,32057.94,4959.83
20240501,6,Beauty,19875.03,2766.66
20240501,6,Electronics,44866.2,6924.91
20240501,6,Home,25459.49,3697.5
20240501,6,Sports,20428.24,2920.94
20240501,6,Toys,16399.46,2338.11
20240501,7,Beauty,24400.46,3780.82
20240501,7,Electronics,60972.19,8390.33
20240501,7,Home,33330.16,4518.39
20240501,7,Sports,28846.4,4030.22
20240501,7,Toys,16556.92,2628.01
20240601,1,Beauty,47410.79,7389.55
20240601,1,Electronics,146951.66,20478.99
20240601,1,Home,76898.54,10614.72
20240601,1,Sports,64796.93,10136.91
20240601,1,Toys,38826.15,5409.34
20240601,2,Beauty,21530.25,3000.16
20240601,2,Electronics,49469.56,8021.81
20240601,2,Home,26475.83,4123.82
20240601,2,Sports,28597.5,4264.44
20240601,2,Toys,20597.58,3004.41
20240601,3,Beauty,41247.3,6535.05
20240601,3,Electronics,90692.62,12661.67
20240601,3,Home,48066.76,6529.07
20240601,3,Sports,41405.33,6109.85
20240601,3,Toys,30151.57,4595.34
20240601,4,Beauty,50643.32,7051.21
20240601,4,Electronics,98302.37,16050.77
20240601,4,Home,62241.41,9664.59
20240601,4,Sports,59284.0,8989.05
20240601,4,Toys,39430.18,5909.16
20240601,5,Beauty,37221.72,5141.74
20240601,5,Electronics,78940.23,11596.96
20240601,5,Home,49871.71,7312.81
20240601,5,Sports,39154.4,6305.74
20240601,5,Toys,32345.21,5031.59
20240601,6,Beauty,19928.54,3040.7
20240601,6,Electronics,42404.66,6051.7
20240601,6,Home,27161.38,4050.64
20240601,6,Sports,19305.9,2640.14
20240601,6,Toys,14040.51,1928.61
20240601,7,Beauty,21238.55,3016.68
20240601,7,Electronics,48728.55,7675.32
20240601,7,Home,34785.59,4704.36
20240601,7,Sports,22523.27,3565.72
20240601,7,Toys,20082.22,3039.91
20240701,1,Beauty,55127.61,7874.74
20240701,1,Electronics,126252.21,20574.23
20240701,1,Home,67102.95,9111.94
20240701,1,Sports,56052.99,7671.15
20240701,1,Toys,39096.55,6189.48
20240701,2,Beauty,23041.09,3280.68
20240701,2,Electronics,54590.3,8713.96
20240701,2,Home,30126.88,4468.38
20240701,2,Sports,25248.36,3568.44
20240701,2,Toys,16532.93,2710.93
20240701,3,Beauty,38356.01,5616.52
20240701,3,Electronics,101104.68,16176.55
20240701,3,Home,50724.53,7085.19
20240701,3,Sports,53566.58,8715.12
20240701,3,Toys,37509.92,5799.48
20240701,4,Beauty,47440.82,7617.2
20240701,4,Electronics,128368.28,19782.07
20240701,4,Home,57788.34,7835.02
20240701,4,Sports,59277.84,8366.09
20240701,4,Toys,38790.07,5820.55
20240701,5,Beauty,34558.62,5329.34
20240701,5,Electronics,92091.44,14046.62
20240701,5,Home,43524.03,6121.85
20240701,5,Sports,40479.98,5948.61
20240701,5,Toys,29338.02,4550.16
20240701,6,Beauty,17181.52,2462.72
20240701,6,Electronics,49879.96,7684.76
20240701,6,Home,27571.86,4307.6
20240701,6,Sports,19699.82,2763.11
20240701,6,Toys,15245.39,2465.67
20240701,7,Beauty,20312.17,2780.14
20240701,7,Electronics,57562.92,8237.88
20240701,7,Home,30328.46,4772.6
20240701,7,Sports,23024.49,3109.15
20240701,7,Toys,16711.84,2397.68
20240801,1,Beauty,59359.26,9325.97
20240801,1,Electronics,118437.55,16123.07
20240801,1,Home,76782.0,10476.0
20240801,1,Sports,70311.04,10343.83
20240801,1,Toys,51948.39,8506.88
20240801,2,Beauty,23157.96,3136.48
20240801,2,Electronics,53071.62,7962.06
20240801,2,Home,26820.12,4195.48
20240801,2,Sports,29743.75,4341.55
20240801,2,Toys,17018.15,2744.81
20240801,3,Beauty,39126.55,6193.72
20240801,3,Electronics,111111.64,16072.31
20240801,3,Home,48805.0,7425.47
20240801,3,Sports,44773.47,7264.93
20240801,3,Toys,37840.79,5488.54
20240801,4,Beauty,39859.16,6073.76
20240801,4,Electronics,125774.13,17766.44
20240801,4,Home,58367.34,8280.43
20240801,4,Sports,59940.69,8767.03
20240801,4,Toys,35985.95,5224.6
20240801,5,Beauty,32292.97,4866.26
20240801,5,Electronics,104017.44,15517.52
20240801,5,Home,50098.91,7455.04
20240801,5,Sports,36191.87,5710.87
20240801,5,Toys,31707.42,4601.72
20240801,6,Beauty,19595.33,2682.88
20240801,6,Electronics,42818.69,5794.08
20240801,6,Home,25416.78,3879.11
20240801,6,Sports,18824.6,2972.81
20240801,6,Toys,14130.59,2279.35
20240801,7,Beauty,24166.13,3397.4
20240801,7,Electronics,50399.75,8245.73
20240801,7,Home,33716.99,5048.33
20240801,7,Sports,25957.77,3708.87
20240801,7,Toys,18597.28,2954.38
20240901,1,Beauty,49777.14,7897.02
20240901,1,Electronics,150292.86,22667.54
20240901,1,Home,67725.15,10167.37
20240901,1,Sports,71911.5,10319.67
20240901,1,Toys,46819.42,6481.52
20240901,2,Beauty,22380.04,3559.74
20240901,2,Electronics,55297.57,8905.37
20240901,2,Home,32924.82,4774.32
20240901,2,Sports,29961.2,4739.11
20240901,2,Toys,16740.11,2573.64
20240901,3,Beauty,45268.78,6130.83
20240901,3,Electronics,100596.59,16205.32
20240901,3,Home,57249.64,9196.3
20240901,3,Sports,53515.43,7285.88
20240901,3,Toys,34001.18,5573.98
20240901,4,Beauty,41097.63,5752.12
20240901,4,Electronics,114959.2,15916.68
20240901,4,Home,53811.14,7347.89
20240901,4,Sports,52227.46,8358.43
20240901,4,Toys,33074.83,5245.83
20240901,5,Beauty,33317.06,5435.5
20240901,5,Electronics,86469.87,13954.94
20240901,5,Home,45619.37,6695.07
20240901,5,Sports,44852.65,6130.03
20240901,5,Toys,27038.13,4400.41
20240901,6,Beauty,16128.14,2590.15
20240901,6,Electronics,40202.74,6155.95
20240901,6,Home,21714.08,3516.09
20240901,6,Sports,22551.56,3405.17
20240901,6,Toys,13679.21,2075.68
20240901,7,Beauty,24738.66,3779.49
20240901,7,Electronics,56692.93,9032.88
20240901,7,Home,28366.54,3873.42
20240901,7,Sports,26883.44,4352.31
20240901,7,Toys,21340.97,3364.26
20241001,1,Beauty,50708.92,8265.11
20241001,1,Electronics,151742.78,23956.84
20241001,1,Home,82364.37,12674.72
20241001,1,Sports,66618.68,10920.76
20241001,1,Toys,41434.49,5939.94
20241001,2,Beauty,20966.27,3410.9
20241001,2,Electronics,62237.59,9699.46
20241001,2,Home,30308.16,4839.01
20241001,2,Sports,28246.53,4115.66
20241001,2,Toys,19493.0,2954.79
20241001,3,Beauty,46871.46,6801.23
20241001,3,Electronics,113109.41,17670.37
20241001,3,Home,55991.72,7744.98
20241001,3,Sports,47624.1,7726.43
20241001,3,Toys,31265.93,4879.17
20241001,4,Beauty,41393.1,6118.94
20241001,4,Electronics,99263.81,15868.99
20241001,4,Home,57888.4,9389.37
20241001,4,Sports,54873.03,7529.62
20241001,4,Toys,36789.42,5967.39
20241001,5,Beauty,39855.59,5591.78
20241001,5,Electronics,80243.56,11466.77
20241001,5,Home,54963.63,8835.54
20241001,5,Sports,39139.54,5324.47
20241001,5,Toys,30595.17,4830.11
20241001,6,Beauty,16339.06,2386.92
20241001,6,Electronics,49398.41,8031.74
20241001,6,Home,26514.81,3898.26
20241001,6,Sports,19692.01,2777.79
20241001,6,Toys,13815.57,2120.11
20241001,7,Beauty,22770.11,3125.1
20241001,7,Electronics,56056.54,8915.16
20241001,7,Home,30822.58,4691.09
20241001,7,Sports,25554.43,4143.77
20241001,7,Toys,17506.48,2825.58
20241101,1,Beauty,52584.82,8480.7
20241101,1,Electronics,119556.93,18062.17
20241101,1,Home,64625.97,10521.63
20241101,1,Sports,62016.27,8635.92
20241101,1,Toys,49353.78,8085.81
20241101,2,Beauty,21192.11,3333.53
20241101,2,Electronics,52130.29,7444.82
20241101,2,Home,30985.01,4841.06
20241101,2,Sports,28470.34,4291.89
20241101,2,Toys,16885.8,2289.12
20241101,3,Beauty,47313.71,7331.39
20241101,3,Electronics,117453.16,17227.94
20241101,3,Home,54977.06,8065.96
20241101,3,Sports,54611.19,8387.42
20241101,3,Toys,32929.39,4525.54
20241101,4,Beauty,47389.03,6882.29
20241101,4,Electronics,115717.03,17491.77
20241101,4,Home,64740.45,9385.23
20241101,4,Sports,50400.25,7529.88
20241101,4,Toys,36818.47,5503.88
20241101,5,Beauty,36797.56,5492.48
20241101,5,Electronics,84949.9,11864.4
20241101,5,Home,50047.93,7129.28
20241101,5,Sports,37934.37,5741.54
20241101,5,Toys,32428.81,4584.18
20241101,6,Beauty,18228.67,2899.69
20241101,6,Electronics,42142.51,5833.95
20241101,6,Home,24217.55,3491.24
20241101,6,Sports,21163.2,2955.7
20241101,6,Toys,15582.8,2402.55
20241101,7,Beauty,25922.7,3661.89
20241101,7,Electronics,58345.33,7962.42
20241101,7,Home,28563.73,4205.64
20241101,7,Sports,30604.46,4750.13
20241101,7,Toys,20308.67,3279.69
20241201,1,Beauty,57568.24,8834.1
20241201,1,Electronics,136812.91,20704.69
20241201,1,Home,65481.19,9502.47
20241201,1,Sports,72204.73,10077.0
20241201,1,Toys,43835.35,7174.1
20241201,2,Beauty,25975.13,4239.66
20241201,2,Electronics,53989.43,8734.74
20241201,2,Home,26632.74,3771.86
20241201,2,Sports,30322.68,4554.59
20241201,2,Toys,18123.35,2916.47
20241201,3,Beauty,36300.14,5495.43
20241201,3,Electronics,99990.22,14366.46
20241201,3,Home,55611.55,9153.94
20241201,3,Sports,41608.75,5738.35
20241201,3,Toys,33142.37,4482.27
20241201,4,Beauty,44314.21,6108.09
20241201,4,Electronics,123836.28,19230.61
20241201,4,Home,65546.15,9806.11
20241201,4,Sports,47083.92,7229.89
20241201,4,Toys,43260.46,6369.95
20241201,5,Beauty,37653.13,5464.35
20241201,5,Electronics,89317.61,12156.24
20241201,5,Home,48003.47,7262.45
20241201,5,Sports,40988.35,5867.2
20241201,5,Toys,34385.56,5206.63
20241201,6,Beauty,17258.83,2447.92
20241201,6,Electronics,43093.0,6227.76
20241201,6,Home,25640.56,3757.93
20241201,6,Sports,20446.23,3019.52
20241201,6,Toys,15017.28,2194.58
20241201,7,Beauty,24430.51,3650.05
20241201,7,Electronics,63931.12,9236.76
20241201,7,Home,30086.75,4620.51
20241201,7,Sports,23452.74,3518.26
20241201,7,Toys,21161.44,3011.58
20250101,1,Beauty,63809.29,9046.91
20250101,1,Electronics,159043.3,24003.32
20250101,1,Home,90116.89,13700.45
20250101,1,Sports,74120.33,10974.8
20250101,1,Toys,46038.77,7049.81
20250101,2,Beauty,28091.71,3792.95
20250101,2,Electronics,69344.22,9953.33
20250101,2,Home,36836.69,5574.42
20250101,2,Sports,28120.89,4360.34
20250101,2,Toys,22788.81,3619.93
20250101,3,Beauty,40881.21,5721.57
20250101,3,Electronics,113888.65,17788.6
20250101,3,Home,58767.85,9559.16
20250101,3,Sports,46967.83,6806.92
20250101,3,Toys,44995.7,6125.84
20250101,4,Beauty,57175.04,8790.55
20250101,4,Electronics,146290.3,21979.86
20250101,4,Home,74851.04,10907.65
20250101,4,Sports,56657.69,7914.49
20250101,4,Toys,46356.68,6558.85
20250101,5,Beauty,44389.38,6725.63
20250101,5,Electronics,90981.93,12990.1
20250101,5,Home,53413.29,8002.4
20250101,5,Sports,44460.38,7089.04
20250101,5,Toys,33266.62,5066.07
20250101,6,Beauty,21969.35,3191.8
20250101,6,Electronics,57117.48,8876.44
20250101,6,Home,24344.68,3703.79
20250101,6,Sports,27159.74,4113.21
20250101,6,Toys,17017.72,2427.02
20250101,7,Beauty,26620.25,3978.96
20250101,7,Electronics,55866.14,7589.06
20250101,7,Home,34706.1,5017.87
20250101,7,Sports,26630.9,4110.18
20250101,7,Toys,24385.34,3433.11
20250201,1,Beauty,59657.53,9692.36
20250201,1,Electronics,177994.4,25829.59
20250201,1,Home,75704.78,11936.28
20250201,1,Sports,71676.04,10519.12
20250201,1,Toys,56072.74,9086.41
20250201,2,Beauty,28926.62,4118.22
20250201,2,Electronics,67614.04,9438.95
20250201,2,Home,38288.15,5792.27
20250201,2,Sports,34512.24,5614.87
20250201,2,Toys,22680.68,3470.85
20250201,3,Beauty,42297.28,6160.45
20250201,3,Electronics,116060.09,16630.04
20250201,3,Home,57258.94,9413.77
20250201,3,Sports,49460.97,6961.64
20250201,3,Toys,44075.7,7088.62
20250201,4,Beauty,55147.03,9032.68
20250201,4,Electronics,118360.64,18446.12
20250201,4,Home,75484.28,10418.78
20250201,4,Sports,64895.23,10567.82
20250201,4,Toys,48281.28,6879.11
20250201,5,Beauty,40436.59,5673.9
20250201,5,Electronics,112662.91,15934.54
20250201,5,Home,51636.37,7922.69
20250201,5,Sports,47663.46,7445.48
20250201,5,Toys,31426.7,4782.79
20250201,6,Beauty,20981.07,2965.51
20250201,6,Electronics,58334.49,8013.43
20250201,6,Home,24431.14,3733.59
20250201,6,Sports,25674.57,4227.82
20250201,6,Toys,19423.75,2732.35
20250201,7,Beauty,28416.58,4072.58
20250201,7,Electronics,66535.15,10296.97
20250201,7,Home,31410.83,5018.81
20250201,7,Sports,33762.59,4896.96
20250201,7,Toys,20047.56,2880.75
20250301,1,Beauty,61920.31,8914.81
20250301,1,Electronics,149296.99,21522.13
20250301,1,Home,95416.14,12966.01
20250301,1,Sports,69438.7,10677.91
20250301,1,Toys,44781.66,6830.19
20250301,2,Beauty,23091.14,3239.28
20250301,2,Electronics,73979.14,10779.31
20250301,2,Home,32104.08,4854.37
20250301,2,Sports,34770.51,4875.47
20250301,2,Toys,23565.9,3381.4
20250301,3,Beauty,50163.87,7120.87
20250301,3,Electronics,122426.71,19743.08
20250301,3,Home,66275.42,9771.25
20250301,3,Sports,63185.29,10258.69
20250301,3,Toys,44423.72,6349.87
20250301,4,Beauty,46636.67,7660.6
20250301,4,Electronics,137183.8,19915.1
20250301,4,Home,75729.43,11395.27
20250301,4,Sports,65120.97,10447.95
20250301,4,Toys,45917.97,6838.6
20250301,5,Beauty,46960.9,6537.41
20250301,5,Electronics,113786.81,17733.59
20250301,5,Home,56757.31,7976.48
20250301,5,Sports,49645.66,7232.13
20250301,5,Toys,37445.68,6072.91
20250301,6,Beauty,23775.69,3250.65
20250301,6,Electronics,57606.75,8168.17
20250301,6,Home,26211.86,3902.17
20250301,6,Sports,23310.0,3230.46
20250301,6,Toys,16034.24,2596.69
20250301,7,Beauty,29829.86,4854.07
20250301,7,Electronics,69887.01,9503.27
20250301,7,Home,30916.87,4877.44
20250301,7,Sports,34782.84,5518.82
20250301,7,Toys,23009.9,3112.24
20250401,1,Beauty,61893.33,9408.2
20250401,1,Electronics,146361.48,22254.1
20250401,1,Home,90977.57,14553.99
20250401,1,Sports,68568.98,10294.44
20250401,1,Toys,55487.56,7519.86
20250401,2,Beauty,25274.24,3757.12
20250401,2,Electronics,68236.78,9515.63
20250401,2,Home,30450.07,4350.29
20250401,2,Sports,29308.61,4021.57
20250401,2,Toys,18745.98,2958.26
20250401,3,Beauty,42860.93,6632.0
20250401,3,Electronics,110086.18,15353.64
20250401,3,Home,69255.66,10443.38
20250401,3,Sports,48933.52,7574.11
20250401,3,Toys,33862.41,5206.99
20250401,4,Beauty,57976.63,8143.15
20250401,4,Electronics,126107.41,19131.78
20250401,4,Home,71160.48,11525.96
20250401,4,Sports,52315.4,8526.36
20250401,4,Toys,48620.33,7344.04
20250401,5,Beauty,43070.8,6988.88
20250401,5,Electronics,95754.71,12980.91
20250401,5,Home,61497.7,9825.29
20250401,5,Sports,49776.42,7499.88
20250401,5,Toys,37862.84,5522.46
20250401,6,Beauty,20887.08,3127.64
20250401,6,Electronics,51925.34,8008.57
20250401,6,Home,29117.52,4590.96
20250401,6,Sports,26662.74,3619.13
20250401,6,Toys,17398.14,2797.18
20250401,7,Beauty,30174.89,4764.56
20250401,7,Electronics,72932.5,11633.15
20250401,7,Home,40139.01,6442.66
20250401,7,Sports,31956.73,5151.68
20250401,7,Toys,22500.48,3419.87
20250501,1,Beauty,71337.83,9789.71
20250501,1,Electronics,154814.6,24763.77
20250501,1,Home,86559.63,11831.2
20250501,1,Sports,83607.87,12724.86
20250501,1,Toys,50894.44,8149.53
20250501,2,Beauty,26433.22,3888.57
20250501,2,Electronics,57720.11,8279.52
20250501,2,Home,34056.85,4885.33
20250501,2,Sports,34994.0,5323.62
20250501,2,Toys,19825.44,3203.79
20250501,3,Beauty,51089.6,7957.42
20250501,3,Electronics,116584.55,16948.8
20250501,3,Home,69273.16,10357.83
20250501,3,Sports,56988.69,8247.82
20250501,3,Toys,37924.17,5745.35
20250501,4,Beauty,51182.28,7643.56
20250501,4,Electronics,113441.87,18314.27
20250501,4,Home,71115.2,10221.36
20250501,4,Sports,60723.74,8637.14
20250501,4,Toys,38327.11,5919.73
20250501,5,Beauty,38759.15,6388.65
20250501,5,Electronics,103780.88,16968.43
20250501,5,Home,62263.78,8886.68
20250501,5,Sports,44409.6,7006.01
20250501,5,Toys,39005.84,5651.12
20250501,6,Beauty,20281.25,3326.6
20250501,6,Electronics,49453.43,7686.68
20250501,6,Home,30395.44,4228.07
20250501,6,Sports,21412.44,2914.15
20250501,6,Toys,19382.89,2925.3
20250501,7,Beauty,27378.01,4150.39
20250501,7,Electronics,61299.06,9620.5
20250501,7,Home,33265.39,4731.34
20250501,7,Sports,29681.21,4752.04
20250501,7,Toys,20484.82,3160.52
20250601,1,Beauty,55297.67,7632.03
20250601,1,Electronics,163875.33,23416.41
20250601,1,Home,92237.88,14705.24
20250601,1,Sports,63958.5,9410.99
20250601,1,Toys,54711.49,8481.09
20250601,2,Beauty,24367.78,3676.65
20250601,2,Electronics,68069.84,9293.2
20250601,2,Home,39631.89,6094.57
20250601,2,Sports,30926.05,4684.38
20250601,2,Toys,23867.65,3685.93
20250601,3,Beauty,40994.98,5769.16
20250601,3,Electronics,117842.85,16248.8
20250601,3,Home,70796.08,10309.35
20250601,3,Sports,57590.21,8208.66
20250601,3,Toys,39780.13,5875.51
20250601,4,Beauty,52932.73,7458.48
20250601,4,Electronics,135802.44,21498.15
20250601,4,Home,71908.92,11576.02
20250601,4,Sports,67654.98,10471.04
20250601,4,Toys,47163.79,6951.29
20250601,5,Beauty,39060.27,6001.98
20250601,5,Electronics,114622.28,18771.72
20250601,5,Home,57832.0,9133.61
20250601,5,Sports,53192.96,8015.59
20250601,5,Toys,34533.28,4779.59
20250601,6,Beauty,22604.8,3450.49
20250601,6,Electronics,46401.28,6870.59
20250601,6,Home,31390.29,5051.36
20250601,6,Sports,22751.88,3632.3
20250601,6,Toys,18915.52,2889.25
20250601,7,Beauty,24227.28,3628.21
20250601,7,Electronics,60658.04,8606.49
20250601,7,Home,34519.21,4960.49
20250601,7,Sports,31485.61,4888.27
20250601,7,Toys,23969.2,3588.26
20250701,1,Beauty,71009.6,10579.69
20250701,1,Electronics,160433.95,23217.37
20250701,1,Home,75745.83,11141.51
20250701,1,Sports,66863.25,10627.69
20250701,1,Toys,48736.28,6657.89
20250701,2,Beauty,29390.78,4092.91
20250701,2,Electronics,61297.98,9965.7
20250701,2,Home,34721.54,5675.82
20250701,2,Sports,26652.06,3722.42
20250701,2,Toys,25301.6,3557.79
20250701,3,Beauty,43271.7,6166.43
20250701,3,Electronics,114246.31,17511.39
20250701,3,Home,54490.16,7703.48
20250701,3,Sports,50627.25,8246.96
20250701,3,Toys,35666.43,5301.81
20250701,4,Beauty,56589.4,7718.91
20250701,4,Electronics,123315.98,19679.97
20250701,4,Home,73370.34,11831.56
20250701,4,Sports,66345.93,9713.28
20250701,4,Toys,40811.5,6194.18
20250701,5,Beauty,38718.46,5927.1
20250701,5,Electronics,108621.02,17272.92
20250701,5,Home,61951.02,8509.03
20250701,5,Sports,45599.32,6370.5
20250701,5,Toys,37488.24,6074.39
20250701,6,Beauty,19031.38,2752.36
20250701,6,Electronics,51722.83,7142.64
20250701,6,Home,29155.1,4603.76
20250701,6,Sports,22187.11,3546.93
20250701,6,Toys,18660.53,2915.02
20250701,7,Beauty,28007.87,3901.85
20250701,7,Electronics,66875.56,9419.4
20250701,7,Home,35640.89,5103.18
20250701,7,Sports,26942.28,4048.95
20250701,7,Toys,23552.07,3182.87
20250801,1,Beauty,62023.9,9867.0
20250801,1,Electronics,168538.42,22788.53
20250801,1,Home,89466.81,12539.36
20250801,1,Sports,66654.88,9958.62
20250801,1,Toys,52190.54,7659.35
20250801,2,Beauty,24327.46,3728.56
20250801,2,Electronics,74535.58,10459.12
20250801,2,Home,38466.23,5484.22
20250801,2,Sports,32771.05,4750.12
20250801,2,Toys,19538.1,2874.43
20250801,3,Beauty,53791.54,7695.53
20250801,3,Electronics,133984.77,18199.85
20250801,3,Home,65507.69,9099.63
20250801,3,Sports,48699.0,7009.17
20250801,3,Toys,35631.77,5485.57
20250801,4,Beauty,49877.1,7761.74
20250801,4,Electronics,131853.25,17980.4
20250801,4,Home,72033.29,10361.29
20250801,4,Sports,59772.99,8988.66
20250801,4,Toys,38455.72,6059.15
20250801,5,Beauty,41171.0,6740.79
20250801,5,Electronics,105347.42,14298.1
20250801,5,Home,53663.21,8697.35
20250801,5,Sports,47023.64,7152.29
20250801,5,Toys,39118.79,5923.4
20250801,6,Beauty,21021.09,3184.97
20250801,6,Electronics,49170.28,7243.01
20250801,6,Home,25951.84,4024.0
20250801,6,Sports,26942.11,4335.13
20250801,6,Toys,19071.12,3055.66
20250801,7,Beauty,30476.36,4719.62
20250801,7,Electronics,57920.37,8122.9
20250801,7,Home,38547.02,6141.61
20250801,7,Sports,30598.17,4206.43
20250801,7,Toys,24764.03,4003.12
